Workbook

Sheet Tabla Jungla
A1: Campeón | B1: Identidad | C1: Función | D1: Ritmo | E1: Fortalezas | F1: Debilidades
A2: Amumu | B2: ⚔️ Engage | C2: Tanque | D2: Mid | E2: Frontline · Teamfight · CC | F2: Early lento
A3: Bel'Veth | B3: 🛡️ Front to Back | C3: Carry AD | D3: Late | E3: DPS · Objetivos · Escalado | F3: Poco CC
A4: Brand | B4: 🛡️ Front to Back | C4: Battlemage AP | D4: Mid/Late | E4: Teamfight · Objetivos · DPS | F4: Muy inmóvil
A5: Briar | B5: ⚔️ Engage | C5: Bruiser AD | D5: Mid | E5: Engage · Duelos · Snowball | F5: Entra demasiado profundo
A6: Cho'Gath | B6: 🛡️ Front to Back | C6: Tanque | D6: Late | E6: Frontline · Objetivos · Escalado | F6: Baja movilidad
A7: Darius | B7: ⚔️ Engage | C7: Juggernaut AD | D7: Mid | E7: Duelos · Snowball · Invasión | F7: Kiteable
A8: Diana | B8: ⚔️ Engage | C8: Bruiser AP | D8: Mid | E8: Engage · Burst · Teamfight | F8: Necesita buen flanco
A9: Dr. Mundo | B9: 🛡️ Front to Back | C9: Juggernaut AD | D9: Late | E9: Frontline · Sustain | F9: Poco CC
A10: Ekko | B10: ⚔️ Engage | C10: Asesino AP | D10: Mid/Late | E10: Pick · Movilidad · Backline | F10: Early discreto
A11: Elise | B11: ⚔️ Engage | C11: Burst Mage AP | D11: Early | E11: Tempo · Pick · Ganks | F11: Escala poco
A12: Evelynn | B12: ⚔️ Engage | C12: Asesino AP | D12: Mid/Late | E12: Pick · Backline · Burst | F12: Débil antes del 6
... A58: Zyra | B58: 🛡️ Front to Back | C58: Control Mage AP | D58: Mid | E58: Objetivos · Control de zonas · DPS | F58: Muy inmóvil

Sheet Tabla Botline
A1: Campeón | B1: Identidad | C1: Función | D1: Ritmo | E1: Fortalezas | F1: Debilidades
A2: Akshan | B2: ⚔️ Engage | C2: Marksman AD | D2: Mid | E2: Pick · Movilidad · Snowball | F2: Alcance reducido
A3: Aphelios | B3: 🛡️ Front to Back | C3: Hypercarry AD | D3: Late | E3: DPS · Escalado · Teamfight | F3: Muy dependiente del posicionamiento
A4: Ashe | B4: 🛡️ Front to Back | C4: Utility ADC | D4: Mid/Late | E4: Pick · Visión · Peel | F4: Menor DPS
A5: Aurelion Sol | B5: 🛡️ Front to Back | C5: Carry AP | D5: Late | E5: Escalado · Teamfight · Control | F5: Early muy débil
A6: Brand | B6: 🛡️ Front to Back | C6: DPS AP | D6: Mid | E6: Anti-frontline · Teamfight | F6: Muy inmóvil
A7: Caitlyn | B7: 🛡️ Front to Back | C7: Poke AD | D7: Mid | E7: Poke · Asedio · Rango | F7: Baja movilidad
A8: Cassiopeia | B8: 🛡️ Front to Back | C8: Carry AP | D8: Late | E8: DPS · Anti-frontline · Escalado | F8: Sin movilidad
A9: Corki | B9: 🛡️ Front to Back | C9: Carry Híbrido | D9: Late | E9: DPS · Escalado · Objetivos | F9: Early discreto
A10: Draven | B10: ⚔️ Engage | C10: Snowball AD | D10: Early | E10: Tempo · Burst · Dominio de línea | F10: Escala peor si no consigue ventaja
A11: Ezreal | B11: 🛡️ Front to Back | C11: Poke AD | D11: Mid/Late | E11: Seguridad · Poke | F11: DPS inferior a otros carries
A12: Hwei | B12: 🛡️ Front to Back | C12: Control Mage AP | D12: Late | E12: Poke · Teamfight · Control | F12: Muy inmóvil
... A41: Ziggs | B41: 🛡️ Front to Back | C41: Artillery Mage AP | D41: Mid/Late | E41: Asedio · Objetivos · Poke | F41: Vulnerable al engage

Sheet Tabla Support
A1: Campeón | B1: Identidad | C1: Función | D1: Ritmo | E1: Fortalezas | F1: Debilidades
A2: Alistar | B2: ⚔️ Engage | C2: Tanque | D2: Mid | E2: Engage · Peel · Frontline | F2: Early de línea discreto
A3: Annie | B3: ⚔️ Engage | C3: Burst AP | D3: Mid | E3: Engage · Burst · Pick | F3: Poco rango
A4: Ashe | B4: 🛡️ Front to Back | C4: Utility ADC | D4: Mid/Late | E4: Pick · Visión · Peel | F4: Menor DPS
A5: Bard | B5: ⚔️ Engage | C5: Playmaker | D5: Mid | E5: Pick · Movilidad · Control del mapa | F5: Muy difícil de ejecutar
A6: Blitzcrank | B6: ⚔️ Engage | C6: Playmaker | D6: Early | E6: Pick · Snowball | F6: Muy dependiente del gancho
A7: Brand | B7: 🛡️ Front to Back | C7: DPS AP | D7: Mid | E7: Anti-frontline · Teamfight | F7: Muy frágil
A8: Braum | B8: 🛡️ Front to Back | C8: Guardián | D8: Mid/Late | E8: Peel · Frontline · Anti-engage | F8: Poco engage propio
A9: Camille | B9: ⚔️ Engage | C9: Playmaker | D9: Early/Mid | E9: Pick · Roams · Engage | F9: Muy situacional
A10: Fiddlesticks | B10: ⚔️ Engage | C10: Battlemage AP | D10: Mid/Late | E10: Engage · Teamfight · Visión | F10: Muy dependiente del posicionamiento
A11: Galio | B11: ⚔️ Engage | C11: Tanque AP | D11: Mid | E11: Engage · Peel · Teamfight | F11: Daño limitado
A12: Heimerdinger | B12: 🛡️ Front to Back | C12: Control Mage AP | D12: Mid | E12: Control de zonas · Poke | F12: Muy inmóvil
... A47: Zyra | B47: 🛡️ Front to Back | C47: Control Mage AP | D47: Mid | E47: Control de zonas · Teamfight | F47: Muy frágil

Sheet Tabla Mid
A1: Campeón | B1: Identidad | C1: Función | D1: Ritmo | E1: Fortalezas | F1: Debilidades
A2: Ahri | B2: ⚔️ Engage | C2: Burst AP | D2: Mid | E2: Pick · Movilidad · Backline | F2: DPS sostenido bajo
A3: Akali | B3: ⚔️ Engage | C3: Asesino AP | D3: Mid/Late | E3: Backline · Flanqueo · Burst | F3: Muy exigente
A4: Akshan | B4: ⚔️ Engage | C4: Marksman AD | D4: Mid | E4: Pick · Movilidad · Snowball | F4: Alcance reducido
A5: Anivia | B5: 🛡️ Front to Back | C5: Control Mage AP | D5: Late | E5: Control de zonas · Anti-engage | F5: Muy inmóvil
A6: Annie | B6: ⚔️ Engage | C6: Burst AP | D6: Mid | E6: Engage · Burst · Pick | F6: Poco rango
A7: Aurelion Sol | B7: 🛡️ Front to Back | C7: Carry AP | D7: Late | E7: Escalado · Teamfight · Control | F7: Early muy débil
A8: Aurora | B8: 🛡️ Front to Back | C8: Burst AP | D8: Mid/Late | E8: Control de zonas · Teamfight · Escalado | F8: Early débil
A9: Azir | B9: 🛡️ Front to Back | C9: Carry AP | D9: Late | E9: DPS · Escalado · Teamfight | F9: Muy difícil
A10: Brand | B10: 🛡️ Front to Back | C10: DPS AP | D10: Mid | E10: Anti-frontline · Teamfight | F10: Muy inmóvil
A11: Cassiopeia | B11: 🛡️ Front to Back | C11: Carry AP | D11: Late | E11: DPS · Anti-frontline · Escalado | F11: Sin movilidad
A12: Corki | B12: 🛡️ Front to Back | C12: Carry Híbrido | D12: Late | E12: DPS · Escalado · Objetivos | F12: Early discreto
... A60: Zoe | B60: ⚔️ Engage | C60: Burst AP | D60: Mid | E60: Pick · Poke · Burst | F60: Teamfight irregular

Sheet Tabla Top
A1: Campeón | B1: Identidad | C1: Función | D1: Ritmo | E1: Fortalezas | F1: Debilidades
A2: Aatrox | B2: ⚔️ Engage | C2: Bruiser AD | D2: Mid | E2: Teamfight · Sustain · Frontline | F2: Kiteable
A3: Akali | B3: ⚔️ Engage | C3: Asesino AP | D3: Mid/Late | E3: Backline · Movilidad · Burst | F3: Muy exigente
A4: Ambessa | B4: ⚔️ Engage | C4: Bruiser AD | D4: Mid | E4: Movilidad · Backline · Teamfight | F4: Difícil de ejecutar
A5: Aurora | B5: 🛡️ Front to Back | C5: Burst Mage AP | D5: Late | E5: Control de zonas · Teamfight · Escalado | F5: Early débil
A6: Camille | B6: ⚔️ Engage | C6: Bruiser AD | D6: Late | E6: Backline · Side Lane · Pick | F6: Early delicado
A7: Cassiopeia | B7: 🛡️ Front to Back | C7: Battlemage AP | D7: Late | E7: DPS · Anti-frontline · Escalado | F7: Sin movilidad
A8: Cho'Gath | B8: 🛡️ Front to Back | C8: Tanque | D8: Late | E8: Frontline · Objetivos · Escalado | F8: Baja movilidad
A9: Darius | B9: ⚔️ Engage | C9: Juggernaut AD | D9: Mid | E9: Duelos · Snowball · Resets | F9: Kiteable
A10: Diana | B10: ⚔️ Engage | C10: Bruiser AP | D10: Mid | E10: Engage · Backline · Teamfight | F10: Depende de entrar
A11: Fiora | B11: ⚔️ Engage | C11: Duelista AD | D11: Late | E11: Side Lane · Anti-tank | F11: Teamfight limitada
A12: Galio | B12: 🛡️ Front to Back | C12: Tanque AP | D12: Mid | E12: Peel · Global · Teamfight | F12: Daño limitado
... A65: Ziggs | B65: 🛡️ Front to Back | C65: Artillery Mage AP | D65: Mid/Late | E65: Asedio · Poke · Objetivos | F65: Muy inmóvil

Sheet Tabla Composición
A1: Rol | B1: Campeón | C1: Identidad | D1: Función | E1: Ritmo | F1: Fortalezas | G1: Debilidades
A2: TOP | B2: Aatrox | C2: =_xlfn.XLOOKUP($B2,'Tabla Top'!$A:$A,'Tabla Top'!B:B) -> ⚔️ Engage | D2: =_xlfn.XLOOKUP($B$2,'Tabla Top'!$A:$A,'Tabla Top'!C:C) -> Bruiser AD | E2: =_xlfn.XLOOKUP($B$2,'Tabla Top'!$A:$A,'Tabla Top'!D:D) -> Mid | F2: =_xlfn.XLOOKUP($B$2,'Tabla Top'!$A:$A,'Tabla Top'!E:E) -> Teamfight · Sustain · Frontline | G2: =_xlfn.XLOOKUP($B$2,'Tabla Top'!$A:$A,'Tabla Top'!F:F) -> Kiteable
A3: JUNGLA | B3: Briar | C3: =_xlfn.XLOOKUP($B3,'Tabla Jungla'!$A:$A,'Tabla Jungla'!B:B) -> ⚔️ Engage | D3: =_xlfn.XLOOKUP($B3,'Tabla Jungla'!$A:$A,'Tabla Jungla'!C:C) -> Bruiser AD | E3: =_xlfn.XLOOKUP($B3,'Tabla Jungla'!$A:$A,'Tabla Jungla'!D:D) -> Mid | F3: =_xlfn.XLOOKUP($B3,'Tabla Jungla'!$A:$A,'Tabla Jungla'!E:E) -> Engage · Duelos · Snowball | G3: =_xlfn.XLOOKUP($B3,'Tabla Jungla'!$A:$A,'Tabla Jungla'!F:F) -> Entra demasiado profundo
A4: MID | B4: Anivia | C4: =_xlfn.XLOOKUP($B4,'Tabla Mid'!$A:$A,'Tabla Mid'!B:B) -> 🛡️ Front to Back | D4: =_xlfn.XLOOKUP($B4,'Tabla Mid'!$A:$A,'Tabla Mid'!C:C) -> Control Mage AP | E4: =_xlfn.XLOOKUP($B4,'Tabla Mid'!$A:$A,'Tabla Mid'!D:D) -> Late | F4: =_xlfn.XLOOKUP($B4,'Tabla Mid'!$A:$A,'Tabla Mid'!E:E) -> Control de zonas · Anti-engage | G4: =_xlfn.XLOOKUP($B4,'Tabla Mid'!$A:$A,'Tabla Mid'!F:F) -> Muy inmóvil
A5: BOTLINE | B5: Draven | C5: =_xlfn.XLOOKUP($B5,'Tabla Botline'!$A:$A,'Tabla Botline'!B:B) -> ⚔️ Engage | D5: =_xlfn.XLOOKUP($B5,'Tabla Botline'!$A:$A,'Tabla Botline'!C:C) -> Snowball AD | E5: =_xlfn.XLOOKUP($B5,'Tabla Botline'!$A:$A,'Tabla Botline'!D:D) -> Early | F5: =_xlfn.XLOOKUP($B5,'Tabla Botline'!$A:$A,'Tabla Botline'!E:E) -> Tempo · Burst · Dominio de línea | G5: =_xlfn.XLOOKUP($B5,'Tabla Botline'!$A:$A,'Tabla Botline'!F:F) -> Escala peor si no consigue ventaja
A6: SUPPORT | B6: Janna | C6: =_xlfn.XLOOKUP($B6,'Tabla Support'!$A:$A,'Tabla Botline'!B:B) -> 🛡️ Front to Back | D6: =_xlfn.XLOOKUP($B6,'Tabla Support'!$A:$A,'Tabla Botline'!C:C) -> Utility ADC | E6: =_xlfn.XLOOKUP($B6,'Tabla Support'!$A:$A,'Tabla Botline'!D:D) -> Mid | F6: =_xlfn.XLOOKUP($B6,'Tabla Support'!$A:$A,'Tabla Botline'!E:E) -> Pick · Poke · Control | G6: =_xlfn.XLOOKUP($B6,'Tabla Support'!$A:$A,'Tabla Botline'!F:F) -> DPS sostenido bajo
